<?xml version='1.1' encoding='UTF-8'?>
<jenkins.branch.MultiBranchProject_-State plugin="branch-api@2.5.5">
  <sourceActions>
    <entry>
      <string>2dc502fa-c9d0-421d-a5fd-9b6c0c29e2c1</string>
      <list>
        <jenkins.plugins.git.GitRemoteHeadRefAction plugin="git@4.0.0">
          <remote>https://github.com/AbdulItsMe/jenkins-demo.git</remote>
          <name>master</name>
        </jenkins.plugins.git.GitRemoteHeadRefAction>
      </list>
    </entry>
  </sourceActions>
</jenkins.branch.MultiBranchProject_-State>