<?xml version='1.1' encoding='UTF-8'?>
<hudson.plugins.disk__usage.ProjectDiskUsage plugin="disk-usage@0.28">
  <diskUsageWithoutBuilds>0</diskUsageWithoutBuilds>
  <slaveWorkspacesUsage class="concurrent-hash-map">
    <entry>
      <string></string>
      <concurrent-hash-map>
        <entry>
          <string>/var/lib/jenkins/workspace/Casestudy1</string>
          <long>3843464</long>
        </entry>
      </concurrent-hash-map>
    </entry>
  </slaveWorkspacesUsage>
  <buildDiskUsage class="java.util.concurrent.CopyOnWriteArraySet">
    <hudson.plugins.disk__usage.DiskUsageBuildInformation>
      <id>1</id>
      <timestamp>1585461451349</timestamp>
      <number>1</number>
      <size>7976</size>
    </hudson.plugins.disk__usage.DiskUsageBuildInformation>
  </buildDiskUsage>
  <allBuildsLoaded>false</allBuildsLoaded>
</hudson.plugins.disk__usage.ProjectDiskUsage>